id;sender;recipient;topic;image;image_content_type;image_url;latitude;longitude
1;mobile Fish;Home Loan Account Table Computer;Trace;../data/blob/hipster.png;image/png;Savings Account alarm;2058;5641
2;transmitter Implementation Electronics;Soap methodology Albania;Home Namibia;../data/blob/hipster.png;image/png;Steel zero administration;36636;23277
3;Licensed Savings Account;Cambridgeshire Mississippi;HDD;../data/blob/hipster.png;image/png;Table Small Frozen Sausages Planner;80839;38541
4;Music;Nakfa;Bahamian Dollar Investment Account;../data/blob/hipster.png;image/png;Games Regional Digitized;66252;75536
5;convergence;Mayotte;Industrial;../data/blob/hipster.png;image/png;connect Markets Chief;59789;72727
6;archive Georgia Aruba;software scale interactive;Louisiana Specialist Home Loan Account;../data/blob/hipster.png;image/png;Plastic;80219;16526
7;Industrial;index orange;Jewelery;../data/blob/hipster.png;image/png;monitor;72900;79017
8;Checking Account Identity deposit;IB Investment Account archive;envisioneer;../data/blob/hipster.png;image/png;moratorium pixel withdrawal;88721;56124
9;embrace Developer;synthesize Idaho compress;Sleek Metal Table Small;../data/blob/hipster.png;image/png;Intelligent Outdoors;63641;47537
10;Montana;Corporate Phased relationships;white Brand Money Market Account;../data/blob/hipster.png;image/png;Salad Web virtual;63340;10549
